raw_x,raw_y,raw_z
1.4906107999999998,-0.784532,7.9629998
